index	speaker	text	voice_cue	bank_name	subsong_index	duration_seconds	bucket	wav_file	metadata_file	script_path	line_no	voice_line_no	acb_path
1	麻央	――莉波。勝負衣装、\nとても似合っているよ。	sud_vo_adv_dear_hrnm_035_amao-001	sud_vo_adv_dear_hrnm_035	1	4.615	keep	C:\Repositories\GakumasuVoice\output\mao\20260714_231604_limit100\items\keep\――莉波。勝負衣装、_とても似合っているよ。.wav	C:\Repositories\GakumasuVoice\output\mao\20260714_231604_limit100\items\keep\――莉波。勝負衣装、_とても似合っているよ。.json	/data/data/com.bandainamcoent.idolmaster_gakuen/files/octo/v1/400/3/5231353033/892704e253818cd54d197444a3ab07a0	5	6	/data/data/com.bandainamcoent.idolmaster_gakuen/files/octo/v1/400/7/5237343437/134bb60c7c40a597f3851dc90a5b8c40
2	麻央	今日、莉波と同じステージに立てて、\n本当に嬉しいよ。	sud_vo_adv_dear_hrnm_035_amao-002	sud_vo_adv_dear_hrnm_035	2	5.286	keep	C:\Repositories\GakumasuVoice\output\mao\20260714_231604_limit100\items\keep\今日、莉波と同じステージに立てて、_本当に嬉しいよ。.wav	C:\Repositories\GakumasuVoice\output\mao\20260714_231604_limit100\items\keep\今日、莉波と同じステージに立てて、_本当に嬉しいよ。.json	/data/data/com.bandainamcoent.idolmaster_gakuen/files/octo/v1/400/3/5231353033/892704e253818cd54d197444a3ab07a0	23	24	/data/data/com.bandainamcoent.idolmaster_gakuen/files/octo/v1/400/7/5237343437/134bb60c7c40a597f3851dc90a5b8c40
3	麻央	キミとの間に、言葉はいらないね。	sud_vo_adv_dear_hrnm_035_amao-003	sud_vo_adv_dear_hrnm_035	3	4.691	keep	C:\Repositories\GakumasuVoice\output\mao\20260714_231604_limit100\items\keep\キミとの間に、言葉はいらないね。.wav	C:\Repositories\GakumasuVoice\output\mao\20260714_231604_limit100\items\keep\キミとの間に、言葉はいらないね。.json	/data/data/com.bandainamcoent.idolmaster_gakuen/files/octo/v1/400/3/5231353033/892704e253818cd54d197444a3ab07a0	29	30	/data/data/com.bandainamcoent.idolmaster_gakuen/files/octo/v1/400/7/5237343437/134bb60c7c40a597f3851dc90a5b8c40
4	麻央	勝っても負けても、恨みっこなしだ。	sud_vo_adv_dear_hrnm_035_amao-004	sud_vo_adv_dear_hrnm_035	4	3.026	keep	C:\Repositories\GakumasuVoice\output\mao\20260714_231604_limit100\items\keep\勝っても負けても、恨みっこなしだ。.wav	C:\Repositories\GakumasuVoice\output\mao\20260714_231604_limit100\items\keep\勝っても負けても、恨みっこなしだ。.json	/data/data/com.bandainamcoent.idolmaster_gakuen/files/octo/v1/400/3/5231353033/892704e253818cd54d197444a3ab07a0	34	35	/data/data/com.bandainamcoent.idolmaster_gakuen/files/octo/v1/400/7/5237343437/134bb60c7c40a597f3851dc90a5b8c40
5	麻央	……っ！？	sud_vo_adv_pstory_001_amao_after-audition-final-normal-01_amao-001	sud_vo_adv_pstory_001_amao_after-audition-final-normal-01	1	0.781	reject	C:\Repositories\GakumasuVoice\output\mao\20260714_231604_limit100\items\reject\……っ！？.wav	C:\Repositories\GakumasuVoice\output\mao\20260714_231604_limit100\items\reject\……っ！？.json	/data/data/com.bandainamcoent.idolmaster_gakuen/files/octo/v1/400/3/5233343633/538c10a1b81f9c4505faebec06876427	13	14	/data/data/com.bandainamcoent.idolmaster_gakuen/files/octo/v1/400/8/5236393938/6da97c70ad3b42b25479456e5277ffae
6	麻央	……やっ――――たぁ。	sud_vo_adv_pstory_001_amao_after-audition-final-normal-01_amao-002	sud_vo_adv_pstory_001_amao_after-audition-final-normal-01	2	1.811	reject	C:\Repositories\GakumasuVoice\output\mao\20260714_231604_limit100\items\reject\……やっ――――たぁ。.wav	C:\Repositories\GakumasuVoice\output\mao\20260714_231604_limit100\items\reject\……やっ――――たぁ。.json	/data/data/com.bandainamcoent.idolmaster_gakuen/files/octo/v1/400/3/5233343633/538c10a1b81f9c4505faebec06876427	16	17	/data/data/com.bandainamcoent.idolmaster_gakuen/files/octo/v1/400/8/5236393938/6da97c70ad3b42b25479456e5277ffae
7	麻央	ふっ、最高の結果ですか。\n悪くない気分ですね。	sud_vo_adv_pstory_001_amao_after-audition-final-normal-01_amao-003	sud_vo_adv_pstory_001_amao_after-audition-final-normal-01	3	4.778	keep	C:\Repositories\GakumasuVoice\output\mao\20260714_231604_limit100\items\keep\ふっ、最高の結果ですか。_悪くない気分ですね。.wav	C:\Repositories\GakumasuVoice\output\mao\20260714_231604_limit100\items\keep\ふっ、最高の結果ですか。_悪くない気分ですね。.json	/data/data/com.bandainamcoent.idolmaster_gakuen/files/octo/v1/400/3/5233343633/538c10a1b81f9c4505faebec06876427	21	22	/data/data/com.bandainamcoent.idolmaster_gakuen/files/octo/v1/400/8/5236393938/6da97c70ad3b42b25479456e5277ffae
8	麻央	え、い、いいですよ……\n子供じゃないんですから。	sud_vo_adv_pstory_001_amao_after-audition-final-normal-01_amao-004	sud_vo_adv_pstory_001_amao_after-audition-final-normal-01	4	3.933	keep	C:\Repositories\GakumasuVoice\output\mao\20260714_231604_limit100\items\keep\え、い、いいですよ……_子供じゃないんですから。.wav	C:\Repositories\GakumasuVoice\output\mao\20260714_231604_limit100\items\keep\え、い、いいですよ……_子供じゃないんですから。.json	/data/data/com.bandainamcoent.idolmaster_gakuen/files/octo/v1/400/3/5233343633/538c10a1b81f9c4505faebec06876427	28	29	/data/data/com.bandainamcoent.idolmaster_gakuen/files/octo/v1/400/8/5236393938/6da97c70ad3b42b25479456e5277ffae
9	麻央	……む、わ、わかりました。\nそれじゃあ……	sud_vo_adv_pstory_001_amao_after-audition-final-normal-01_amao-005	sud_vo_adv_pstory_001_amao_after-audition-final-normal-01	5	5.911	keep	C:\Repositories\GakumasuVoice\output\mao\20260714_231604_limit100\items\keep\……む、わ、わかりました。_それじゃあ…….wav	C:\Repositories\GakumasuVoice\output\mao\20260714_231604_limit100\items\keep\……む、わ、わかりました。_それじゃあ…….json	/data/data/com.bandainamcoent.idolmaster_gakuen/files/octo/v1/400/3/5233343633/538c10a1b81f9c4505faebec06876427	37	38	/data/data/com.bandainamcoent.idolmaster_gakuen/files/octo/v1/400/8/5236393938/6da97c70ad3b42b25479456e5277ffae
10	麻央	や、やったー！	sud_vo_adv_pstory_001_amao_after-audition-final-normal-01_amao-006	sud_vo_adv_pstory_001_amao_after-audition-final-normal-01	6	2.170	reject	C:\Repositories\GakumasuVoice\output\mao\20260714_231604_limit100\items\reject\や、やったー！.wav	C:\Repositories\GakumasuVoice\output\mao\20260714_231604_limit100\items\reject\や、やったー！.json	/data/data/com.bandainamcoent.idolmaster_gakuen/files/octo/v1/400/3/5233343633/538c10a1b81f9c4505faebec06876427	42	43	/data/data/com.bandainamcoent.idolmaster_gakuen/files/octo/v1/400/8/5236393938/6da97c70ad3b42b25479456e5277ffae
11	麻央	……やっ――やったぁ！！\nボク、がんばりましたっ！	sud_vo_adv_pstory_001_amao_after-audition-final-normal-01_amao-007	sud_vo_adv_pstory_001_amao_after-audition-final-normal-01	7	6.756	keep	C:\Repositories\GakumasuVoice\output\mao\20260714_231604_limit100\items\keep\……やっ――やったぁ！！_ボク、がんばりましたっ！.wav	C:\Repositories\GakumasuVoice\output\mao\20260714_231604_limit100\items\keep\……やっ――やったぁ！！_ボク、がんばりましたっ！.json	/data/data/com.bandainamcoent.idolmaster_gakuen/files/octo/v1/400/3/5233343633/538c10a1b81f9c4505faebec06876427	49	50	/data/data/com.bandainamcoent.idolmaster_gakuen/files/octo/v1/400/8/5236393938/6da97c70ad3b42b25479456e5277ffae
12	麻央	……ふふっ、なるほど。\nたしかに、気分がいいですね。	sud_vo_adv_pstory_001_amao_after-audition-final-normal-01_amao-008	sud_vo_adv_pstory_001_amao_after-audition-final-normal-01	8	5.072	keep	C:\Repositories\GakumasuVoice\output\mao\20260714_231604_limit100\items\keep\……ふふっ、なるほど。_たしかに、気分がいいですね。.wav	C:\Repositories\GakumasuVoice\output\mao\20260714_231604_limit100\items\keep\……ふふっ、なるほど。_たしかに、気分がいいですね。.json	/data/data/com.bandainamcoent.idolmaster_gakuen/files/octo/v1/400/3/5233343633/538c10a1b81f9c4505faebec06876427	56	57	/data/data/com.bandainamcoent.idolmaster_gakuen/files/octo/v1/400/8/5236393938/6da97c70ad3b42b25479456e5277ffae
13	麻央	感情を素直に表現するのが\nかっこ悪いなんて、思い込みでした。	sud_vo_adv_pstory_001_amao_after-audition-final-normal-01_amao-009	sud_vo_adv_pstory_001_amao_after-audition-final-normal-01	9	4.465	keep	C:\Repositories\GakumasuVoice\output\mao\20260714_231604_limit100\items\keep\感情を素直に表現するのが_かっこ悪いなんて、思い込みでした。.wav	C:\Repositories\GakumasuVoice\output\mao\20260714_231604_limit100\items\keep\感情を素直に表現するのが_かっこ悪いなんて、思い込みでした。.json	/data/data/com.bandainamcoent.idolmaster_gakuen/files/octo/v1/400/3/5233343633/538c10a1b81f9c4505faebec06876427	60	61	/data/data/com.bandainamcoent.idolmaster_gakuen/files/octo/v1/400/8/5236393938/6da97c70ad3b42b25479456e5277ffae
14	麻央	ありがとうございます、\nプロデューサー。	sud_vo_adv_pstory_001_amao_after-audition-final-normal-01_amao-010	sud_vo_adv_pstory_001_amao_after-audition-final-normal-01	10	2.023	reject	C:\Repositories\GakumasuVoice\output\mao\20260714_231604_limit100\items\reject\ありがとうございます、_プロデューサー。.wav	C:\Repositories\GakumasuVoice\output\mao\20260714_231604_limit100\items\reject\ありがとうございます、_プロデューサー。.json	/data/data/com.bandainamcoent.idolmaster_gakuen/files/octo/v1/400/3/5233343633/538c10a1b81f9c4505faebec06876427	65	66	/data/data/com.bandainamcoent.idolmaster_gakuen/files/octo/v1/400/8/5236393938/6da97c70ad3b42b25479456e5277ffae
15	麻央	ライブ、楽しんできますね！	sud_vo_adv_pstory_001_amao_after-audition-final-normal-01_amao-011	sud_vo_adv_pstory_001_amao_after-audition-final-normal-01	11	2.673	reject	C:\Repositories\GakumasuVoice\output\mao\20260714_231604_limit100\items\reject\ライブ、楽しんできますね！.wav	C:\Repositories\GakumasuVoice\output\mao\20260714_231604_limit100\items\reject\ライブ、楽しんできますね！.json	/data/data/com.bandainamcoent.idolmaster_gakuen/files/octo/v1/400/3/5233343633/538c10a1b81f9c4505faebec06876427	68	69	/data/data/com.bandainamcoent.idolmaster_gakuen/files/octo/v1/400/8/5236393938/6da97c70ad3b42b25479456e5277ffae
16	麻央	……え？　な、なにが？	sud_vo_adv_pstory_001_amao_after-audition-final-normal-01_amao-012	sud_vo_adv_pstory_001_amao_after-audition-final-normal-01	12	2.877	reject	C:\Repositories\GakumasuVoice\output\mao\20260714_231604_limit100\items\reject\……え？_な、なにが？.wav	C:\Repositories\GakumasuVoice\output\mao\20260714_231604_limit100\items\reject\……え？_な、なにが？.json	/data/data/com.bandainamcoent.idolmaster_gakuen/files/octo/v1/400/3/5233343633/538c10a1b81f9c4505faebec06876427	74	75	/data/data/com.bandainamcoent.idolmaster_gakuen/files/octo/v1/400/8/5236393938/6da97c70ad3b42b25479456e5277ffae
17	麻央	……そ、そうなんでしょうか。	sud_vo_adv_pstory_001_amao_after-audition-final-normal-01_amao-013	sud_vo_adv_pstory_001_amao_after-audition-final-normal-01	13	2.600	reject	C:\Repositories\GakumasuVoice\output\mao\20260714_231604_limit100\items\reject\……そ、そうなんでしょうか。.wav	C:\Repositories\GakumasuVoice\output\mao\20260714_231604_limit100\items\reject\……そ、そうなんでしょうか。.json	/data/data/com.bandainamcoent.idolmaster_gakuen/files/octo/v1/400/3/5233343633/538c10a1b81f9c4505faebec06876427	79	80	/data/data/com.bandainamcoent.idolmaster_gakuen/files/octo/v1/400/8/5236393938/6da97c70ad3b42b25479456e5277ffae
18	麻央	……ありがとうございます。\nプロデューサーのおかげで、	sud_vo_adv_pstory_001_amao_after-audition-final-normal-01_amao-014	sud_vo_adv_pstory_001_amao_after-audition-final-normal-01	14	4.091	keep	C:\Repositories\GakumasuVoice\output\mao\20260714_231604_limit100\items\keep\……ありがとうございます。_プロデューサーのおかげで、.wav	C:\Repositories\GakumasuVoice\output\mao\20260714_231604_limit100\items\keep\……ありがとうございます。_プロデューサーのおかげで、.json	/data/data/com.bandainamcoent.idolmaster_gakuen/files/octo/v1/400/3/5233343633/538c10a1b81f9c4505faebec06876427	86	87	/data/data/com.bandainamcoent.idolmaster_gakuen/files/octo/v1/400/8/5236393938/6da97c70ad3b42b25479456e5277ffae
19	麻央	ボクは、嫌いだった自分のことを\n受け入れて、好きになれました。	sud_vo_adv_pstory_001_amao_after-audition-final-normal-01_amao-015	sud_vo_adv_pstory_001_amao_after-audition-final-normal-01	15	5.119	keep	C:\Repositories\GakumasuVoice\output\mao\20260714_231604_limit100\items\keep\ボクは、嫌いだった自分のことを_受け入れて、好きになれました。.wav	C:\Repositories\GakumasuVoice\output\mao\20260714_231604_limit100\items\keep\ボクは、嫌いだった自分のことを_受け入れて、好きになれました。.json	/data/data/com.bandainamcoent.idolmaster_gakuen/files/octo/v1/400/3/5233343633/538c10a1b81f9c4505faebec06876427	88	91	/data/data/com.bandainamcoent.idolmaster_gakuen/files/octo/v1/400/8/5236393938/6da97c70ad3b42b25479456e5277ffae
20	麻央	ライブ、期待していてください。	sud_vo_adv_pstory_001_amao_after-audition-final-normal-01_amao-016	sud_vo_adv_pstory_001_amao_after-audition-final-normal-01	16	2.704	reject	C:\Repositories\GakumasuVoice\output\mao\20260714_231604_limit100\items\reject\ライブ、期待していてください。.wav	C:\Repositories\GakumasuVoice\output\mao\20260714_231604_limit100\items\reject\ライブ、期待していてください。.json	/data/data/com.bandainamcoent.idolmaster_gakuen/files/octo/v1/400/3/5233343633/538c10a1b81f9c4505faebec06876427	94	95	/data/data/com.bandainamcoent.idolmaster_gakuen/files/octo/v1/400/8/5236393938/6da97c70ad3b42b25479456e5277ffae
21	麻央	もっと可愛い、\nボクを見せてあげますから。	sud_vo_adv_pstory_001_amao_after-audition-final-normal-01_amao-017	sud_vo_adv_pstory_001_amao_after-audition-final-normal-01	17	3.313	keep	C:\Repositories\GakumasuVoice\output\mao\20260714_231604_limit100\items\keep\もっと可愛い、_ボクを見せてあげますから。.wav	C:\Repositories\GakumasuVoice\output\mao\20260714_231604_limit100\items\keep\もっと可愛い、_ボクを見せてあげますから。.json	/data/data/com.bandainamcoent.idolmaster_gakuen/files/octo/v1/400/3/5233343633/538c10a1b81f9c4505faebec06876427	97	98	/data/data/com.bandainamcoent.idolmaster_gakuen/files/octo/v1/400/8/5236393938/6da97c70ad3b42b25479456e5277ffae
22	麻央	……そう、ですね。\nこれはまだ最初の一歩。	sud_vo_adv_pstory_001_amao_after-audition-final-normal-01_amao-018	sud_vo_adv_pstory_001_amao_after-audition-final-normal-01	18	5.654	keep	C:\Repositories\GakumasuVoice\output\mao\20260714_231604_limit100\items\keep\……そう、ですね。_これはまだ最初の一歩。.wav	C:\Repositories\GakumasuVoice\output\mao\20260714_231604_limit100\items\keep\……そう、ですね。_これはまだ最初の一歩。.json	/data/data/com.bandainamcoent.idolmaster_gakuen/files/octo/v1/400/3/5233343633/538c10a1b81f9c4505faebec06876427	109	110	/data/data/com.bandainamcoent.idolmaster_gakuen/files/octo/v1/400/8/5236393938/6da97c70ad3b42b25479456e5277ffae
23	麻央	ボクの憧れた輝く星は――\nずっと遠い果てにある。	sud_vo_adv_pstory_001_amao_after-audition-final-normal-01_amao-019	sud_vo_adv_pstory_001_amao_after-audition-final-normal-01	19	5.051	keep	C:\Repositories\GakumasuVoice\output\mao\20260714_231604_limit100\items\keep\ボクの憧れた輝く星は――_ずっと遠い果てにある。.wav	C:\Repositories\GakumasuVoice\output\mao\20260714_231604_limit100\items\keep\ボクの憧れた輝く星は――_ずっと遠い果てにある。.json	/data/data/com.bandainamcoent.idolmaster_gakuen/files/octo/v1/400/3/5233343633/538c10a1b81f9c4505faebec06876427	114	115	/data/data/com.bandainamcoent.idolmaster_gakuen/files/octo/v1/400/8/5236393938/6da97c70ad3b42b25479456e5277ffae
24	麻央	プロデューサー、\nありがとうございました。	sud_vo_adv_pstory_001_amao_after-audition-final-normal-01_amao-020	sud_vo_adv_pstory_001_amao_after-audition-final-normal-01	20	3.515	keep	C:\Repositories\GakumasuVoice\output\mao\20260714_231604_limit100\items\keep\プロデューサー、_ありがとうございました。.wav	C:\Repositories\GakumasuVoice\output\mao\20260714_231604_limit100\items\keep\プロデューサー、_ありがとうございました。.json	/data/data/com.bandainamcoent.idolmaster_gakuen/files/octo/v1/400/3/5233343633/538c10a1b81f9c4505faebec06876427	119	120	/data/data/com.bandainamcoent.idolmaster_gakuen/files/octo/v1/400/8/5236393938/6da97c70ad3b42b25479456e5277ffae
25	麻央	そして、あらためて、\nよろしくお願いします！	sud_vo_adv_pstory_001_amao_after-audition-final-normal-01_amao-021	sud_vo_adv_pstory_001_amao_after-audition-final-normal-01	21	4.798	keep	C:\Repositories\GakumasuVoice\output\mao\20260714_231604_limit100\items\keep\そして、あらためて、_よろしくお願いします！.wav	C:\Repositories\GakumasuVoice\output\mao\20260714_231604_limit100\items\keep\そして、あらためて、_よろしくお願いします！.json	/data/data/com.bandainamcoent.idolmaster_gakuen/files/octo/v1/400/3/5233343633/538c10a1b81f9c4505faebec06876427	121	124	/data/data/com.bandainamcoent.idolmaster_gakuen/files/octo/v1/400/8/5236393938/6da97c70ad3b42b25479456e5277ffae
26	麻央	次の一歩は、ライブですね。	sud_vo_adv_pstory_001_amao_after-audition-final-normal-01_amao-022	sud_vo_adv_pstory_001_amao_after-audition-final-normal-01	22	2.061	reject	C:\Repositories\GakumasuVoice\output\mao\20260714_231604_limit100\items\reject\次の一歩は、ライブですね。.wav	C:\Repositories\GakumasuVoice\output\mao\20260714_231604_limit100\items\reject\次の一歩は、ライブですね。.json	/data/data/com.bandainamcoent.idolmaster_gakuen/files/octo/v1/400/3/5233343633/538c10a1b81f9c4505faebec06876427	129	130	/data/data/com.bandainamcoent.idolmaster_gakuen/files/octo/v1/400/8/5236393938/6da97c70ad3b42b25479456e5277ffae
27	麻央	ここから一気に駆け上がります。\n見ていてください、プロデューサー。	sud_vo_adv_pstory_001_amao_after-audition-final-normal-01_amao-023	sud_vo_adv_pstory_001_amao_after-audition-final-normal-01	23	4.908	keep	C:\Repositories\GakumasuVoice\output\mao\20260714_231604_limit100\items\keep\ここから一気に駆け上がります。_見ていてください、プロデューサー。.wav	C:\Repositories\GakumasuVoice\output\mao\20260714_231604_limit100\items\keep\ここから一気に駆け上がります。_見ていてください、プロデューサー。.json	/data/data/com.bandainamcoent.idolmaster_gakuen/files/octo/v1/400/3/5233343633/538c10a1b81f9c4505faebec06876427	132	133	/data/data/com.bandainamcoent.idolmaster_gakuen/files/octo/v1/400/8/5236393938/6da97c70ad3b42b25479456e5277ffae
28	麻央	キミ、ちょっといいかな。	sud_vo_adv_cidol-ttmr-3-000_02_amao-001	sud_vo_adv_cidol-ttmr-3-000_02	1	2.686	reject	C:\Repositories\GakumasuVoice\output\mao\20260714_231604_limit100\items\reject\キミ、ちょっといいかな。.wav	C:\Repositories\GakumasuVoice\output\mao\20260714_231604_limit100\items\reject\キミ、ちょっといいかな。.json	/data/data/com.bandainamcoent.idolmaster_gakuen/files/octo/v1/400/3/5231373233/78608d3915910502d2734b488e9b8d72	13	14	/data/data/com.bandainamcoent.idolmaster_gakuen/files/octo/v1/400/3/523132333633/0881469e4ec70db38c8a52181d2c376e
29	麻央	寮生たちから相談されたんだよ。\n少し奇妙な話なんだけど……	sud_vo_adv_cidol-ttmr-3-000_02_amao-002	sud_vo_adv_cidol-ttmr-3-000_02	2	5.356	keep	C:\Repositories\GakumasuVoice\output\mao\20260714_231604_limit100\items\keep\寮生たちから相談されたんだよ。_少し奇妙な話なんだけど…….wav	C:\Repositories\GakumasuVoice\output\mao\20260714_231604_limit100\items\keep\寮生たちから相談されたんだよ。_少し奇妙な話なんだけど…….json	/data/data/com.bandainamcoent.idolmaster_gakuen/files/octo/v1/400/3/5231373233/78608d3915910502d2734b488e9b8d72	31	32	/data/data/com.bandainamcoent.idolmaster_gakuen/files/octo/v1/400/3/523132333633/0881469e4ec70db38c8a52181d2c376e
30	麻央	夜になると、どこからともなく\n歌が聞こえてくるって。	sud_vo_adv_cidol-ttmr-3-000_02_amao-003	sud_vo_adv_cidol-ttmr-3-000_02	3	3.886	keep	C:\Repositories\GakumasuVoice\output\mao\20260714_231604_limit100\items\keep\夜になると、どこからともなく_歌が聞こえてくるって。.wav	C:\Repositories\GakumasuVoice\output\mao\20260714_231604_limit100\items\keep\夜になると、どこからともなく_歌が聞こえてくるって。.json	/data/data/com.bandainamcoent.idolmaster_gakuen/files/octo/v1/400/3/5231373233/78608d3915910502d2734b488e9b8d72	37	38	/data/data/com.bandainamcoent.idolmaster_gakuen/files/octo/v1/400/3/523132333633/0881469e4ec70db38c8a52181d2c376e
31	麻央	ははっ、そんなはずはないと思うけど、\n怖がっている子もいるんだ。	sud_vo_adv_cidol-ttmr-3-000_02_amao-004	sud_vo_adv_cidol-ttmr-3-000_02	4	5.711	keep	C:\Repositories\GakumasuVoice\output\mao\20260714_231604_limit100\items\keep\ははっ、そんなはずはないと思うけど、_怖がっている子もいるんだ。.wav	C:\Repositories\GakumasuVoice\output\mao\20260714_231604_limit100\items\keep\ははっ、そんなはずはないと思うけど、_怖がっている子もいるんだ。.json	/data/data/com.bandainamcoent.idolmaster_gakuen/files/octo/v1/400/3/5231373233/78608d3915910502d2734b488e9b8d72	50	51	/data/data/com.bandainamcoent.idolmaster_gakuen/files/octo/v1/400/3/523132333633/0881469e4ec70db38c8a52181d2c376e
32	麻央	それで、こうして調べている\nってわけさ。心当たりはないかな。	sud_vo_adv_cidol-ttmr-3-000_02_amao-005	sud_vo_adv_cidol-ttmr-3-000_02	5	6.045	keep	C:\Repositories\GakumasuVoice\output\mao\20260714_231604_limit100\items\keep\それで、こうして調べている_ってわけさ。心当たりはないかな。.wav	C:\Repositories\GakumasuVoice\output\mao\20260714_231604_limit100\items\keep\それで、こうして調べている_ってわけさ。心当たりはないかな。.json	/data/data/com.bandainamcoent.idolmaster_gakuen/files/octo/v1/400/3/5231373233/78608d3915910502d2734b488e9b8d72	59	60	/data/data/com.bandainamcoent.idolmaster_gakuen/files/octo/v1/400/3/523132333633/0881469e4ec70db38c8a52181d2c376e
33	麻央	夜、窓を開けて、\n部屋で音楽を聴いていたりしない？	sud_vo_adv_cidol-ttmr-3-000_02_amao-006	sud_vo_adv_cidol-ttmr-3-000_02	6	4.236	keep	C:\Repositories\GakumasuVoice\output\mao\20260714_231604_limit100\items\keep\夜、窓を開けて、_部屋で音楽を聴いていたりしない？.wav	C:\Repositories\GakumasuVoice\output\mao\20260714_231604_limit100\items\keep\夜、窓を開けて、_部屋で音楽を聴いていたりしない？.json	/data/data/com.bandainamcoent.idolmaster_gakuen/files/octo/v1/400/3/5231373233/78608d3915910502d2734b488e9b8d72	61	62	/data/data/com.bandainamcoent.idolmaster_gakuen/files/octo/v1/400/3/523132333633/0881469e4ec70db38c8a52181d2c376e
34	麻央	そっか。なら、なにか気付いたことが\nあったら、ボクに教えてくれるかな。	sud_vo_adv_cidol-ttmr-3-000_02_amao-007	sud_vo_adv_cidol-ttmr-3-000_02	7	6.283	keep	C:\Repositories\GakumasuVoice\output\mao\20260714_231604_limit100\items\keep\そっか。なら、なにか気付いたことが_あったら、ボクに教えてくれるかな。.wav	C:\Repositories\GakumasuVoice\output\mao\20260714_231604_limit100\items\keep\そっか。なら、なにか気付いたことが_あったら、ボクに教えてくれるかな。.json	/data/data/com.bandainamcoent.idolmaster_gakuen/files/octo/v1/400/3/5231373233/78608d3915910502d2734b488e9b8d72	77	78	/data/data/com.bandainamcoent.idolmaster_gakuen/files/octo/v1/400/3/523132333633/0881469e4ec70db38c8a52181d2c376e
35	麻央	頼むよ。	sud_vo_adv_cidol-ttmr-3-000_02_amao-008	sud_vo_adv_cidol-ttmr-3-000_02	8	0.847	reject	C:\Repositories\GakumasuVoice\output\mao\20260714_231604_limit100\items\reject\頼むよ。.wav	C:\Repositories\GakumasuVoice\output\mao\20260714_231604_limit100\items\reject\頼むよ。.json	/data/data/com.bandainamcoent.idolmaster_gakuen/files/octo/v1/400/3/5231373233/78608d3915910502d2734b488e9b8d72	94	95	/data/data/com.bandainamcoent.idolmaster_gakuen/files/octo/v1/400/3/523132333633/0881469e4ec70db38c8a52181d2c376e
36	麻央	……さすがに女子寮の中には\n現れてくれないと思うよ。	sud_vo_adv_cidol-ttmr-3-000_02_amao-009	sud_vo_adv_cidol-ttmr-3-000_02	9	3.603	keep	C:\Repositories\GakumasuVoice\output\mao\20260714_231604_limit100\items\keep\……さすがに女子寮の中には_現れてくれないと思うよ。.wav	C:\Repositories\GakumasuVoice\output\mao\20260714_231604_limit100\items\keep\……さすがに女子寮の中には_現れてくれないと思うよ。.json	/data/data/com.bandainamcoent.idolmaster_gakuen/files/octo/v1/400/3/5231373233/78608d3915910502d2734b488e9b8d72	229	230	/data/data/com.bandainamcoent.idolmaster_gakuen/files/octo/v1/400/3/523132333633/0881469e4ec70db38c8a52181d2c376e
37	麻央	お困りかい？	sud_vo_adv_cidol-ttmr-3-000_02_amao-010	sud_vo_adv_cidol-ttmr-3-000_02	10	1.235	reject	C:\Repositories\GakumasuVoice\output\mao\20260714_231604_limit100\items\reject\お困りかい？.wav	C:\Repositories\GakumasuVoice\output\mao\20260714_231604_limit100\items\reject\お困りかい？.json	/data/data/com.bandainamcoent.idolmaster_gakuen/files/octo/v1/400/3/5231373233/78608d3915910502d2734b488e9b8d72	245	246	/data/data/com.bandainamcoent.idolmaster_gakuen/files/octo/v1/400/3/523132333633/0881469e4ec70db38c8a52181d2c376e
38	麻央	なるほど。	sud_vo_adv_cidol-ttmr-3-000_02_amao-011	sud_vo_adv_cidol-ttmr-3-000_02	11	1.322	reject	C:\Repositories\GakumasuVoice\output\mao\20260714_231604_limit100\items\reject\なるほど。.wav	C:\Repositories\GakumasuVoice\output\mao\20260714_231604_limit100\items\reject\なるほど。.json	/data/data/com.bandainamcoent.idolmaster_gakuen/files/octo/v1/400/3/5231373233/78608d3915910502d2734b488e9b8d72	270	271	/data/data/com.bandainamcoent.idolmaster_gakuen/files/octo/v1/400/3/523132333633/0881469e4ec70db38c8a52181d2c376e
39	麻央	じゃあ、ボクと一緒に入ってくれる\nかな。実は、おばけが苦手でね。	sud_vo_adv_cidol-ttmr-3-000_02_amao-012	sud_vo_adv_cidol-ttmr-3-000_02	12	6.932	keep	C:\Repositories\GakumasuVoice\output\mao\20260714_231604_limit100\items\keep\じゃあ、ボクと一緒に入ってくれる_かな。実は、おばけが苦手でね。.wav	C:\Repositories\GakumasuVoice\output\mao\20260714_231604_limit100\items\keep\じゃあ、ボクと一緒に入ってくれる_かな。実は、おばけが苦手でね。.json	/data/data/com.bandainamcoent.idolmaster_gakuen/files/octo/v1/400/3/5231373233/78608d3915910502d2734b488e9b8d72	279	280	/data/data/com.bandainamcoent.idolmaster_gakuen/files/octo/v1/400/3/523132333633/0881469e4ec70db38c8a52181d2c376e
40	麻央	うん、内緒だよ？	sud_vo_adv_cidol-ttmr-3-000_02_amao-013	sud_vo_adv_cidol-ttmr-3-000_02	13	2.263	reject	C:\Repositories\GakumasuVoice\output\mao\20260714_231604_limit100\items\reject\うん、内緒だよ？.wav	C:\Repositories\GakumasuVoice\output\mao\20260714_231604_limit100\items\reject\うん、内緒だよ？.json	/data/data/com.bandainamcoent.idolmaster_gakuen/files/octo/v1/400/3/5231373233/78608d3915910502d2734b488e9b8d72	289	290	/data/data/com.bandainamcoent.idolmaster_gakuen/files/octo/v1/400/3/523132333633/0881469e4ec70db38c8a52181d2c376e
41	麻央	ありがとう。じゃ、行こうか。	sud_vo_adv_cidol-ttmr-3-000_02_amao-014	sud_vo_adv_cidol-ttmr-3-000_02	14	2.631	reject	C:\Repositories\GakumasuVoice\output\mao\20260714_231604_limit100\items\reject\ありがとう。じゃ、行こうか。.wav	C:\Repositories\GakumasuVoice\output\mao\20260714_231604_limit100\items\reject\ありがとう。じゃ、行こうか。.json	/data/data/com.bandainamcoent.idolmaster_gakuen/files/octo/v1/400/3/5231373233/78608d3915910502d2734b488e9b8d72	306	307	/data/data/com.bandainamcoent.idolmaster_gakuen/files/octo/v1/400/3/523132333633/0881469e4ec70db38c8a52181d2c376e
42	麻央	……ははは、やれやれ。	sud_vo_adv_cidol-ttmr-3-000_02_amao-015	sud_vo_adv_cidol-ttmr-3-000_02	15	3.183	keep	C:\Repositories\GakumasuVoice\output\mao\20260714_231604_limit100\items\keep\……ははは、やれやれ。.wav	C:\Repositories\GakumasuVoice\output\mao\20260714_231604_limit100\items\keep\……ははは、やれやれ。.json	/data/data/com.bandainamcoent.idolmaster_gakuen/files/octo/v1/400/3/5231373233/78608d3915910502d2734b488e9b8d72	350	351	/data/data/com.bandainamcoent.idolmaster_gakuen/files/octo/v1/400/3/523132333633/0881469e4ec70db38c8a52181d2c376e
43	麻央	――ことね。	sud_vo_adv_csprt-2-0002_01_amao-001	sud_vo_adv_csprt-2-0002_01	1	0.681	reject	C:\Repositories\GakumasuVoice\output\mao\20260714_231604_limit100\items\reject\――ことね。.wav	C:\Repositories\GakumasuVoice\output\mao\20260714_231604_limit100\items\reject\――ことね。.json	/data/data/com.bandainamcoent.idolmaster_gakuen/files/octo/v1/400/3/5231383233/df5f95d9f2bdd687c6971a45b17f4a8e	14	15	/data/data/com.bandainamcoent.idolmaster_gakuen/files/octo/v1/400/2/523133333932/2224c260eb3cbbf611df030ac97934a8
44	麻央	げっ、とはご挨拶だね。ことね。	sud_vo_adv_csprt-2-0002_01_amao-002	sud_vo_adv_csprt-2-0002_01	2	3.387	keep	C:\Repositories\GakumasuVoice\output\mao\20260714_231604_limit100\items\keep\げっ、とはご挨拶だね。ことね。.wav	C:\Repositories\GakumasuVoice\output\mao\20260714_231604_limit100\items\keep\げっ、とはご挨拶だね。ことね。.json	/data/data/com.bandainamcoent.idolmaster_gakuen/files/octo/v1/400/3/5231383233/df5f95d9f2bdd687c6971a45b17f4a8e	27	28	/data/data/com.bandainamcoent.idolmaster_gakuen/files/octo/v1/400/2/523133333932/2224c260eb3cbbf611df030ac97934a8
45	麻央	いや、意味がわからないよ。	sud_vo_adv_csprt-2-0002_01_amao-003	sud_vo_adv_csprt-2-0002_01	3	2.425	reject	C:\Repositories\GakumasuVoice\output\mao\20260714_231604_limit100\items\reject\いや、意味がわからないよ。.wav	C:\Repositories\GakumasuVoice\output\mao\20260714_231604_limit100\items\reject\いや、意味がわからないよ。.json	/data/data/com.bandainamcoent.idolmaster_gakuen/files/octo/v1/400/3/5231383233/df5f95d9f2bdd687c6971a45b17f4a8e	38	39	/data/data/com.bandainamcoent.idolmaster_gakuen/files/octo/v1/400/2/523133333932/2224c260eb3cbbf611df030ac97934a8
46	麻央	それより、廊下の掃除は\nちゃんと終わらせたのかい？	sud_vo_adv_csprt-2-0002_01_amao-004	sud_vo_adv_csprt-2-0002_01	4	3.643	keep	C:\Repositories\GakumasuVoice\output\mao\20260714_231604_limit100\items\keep\それより、廊下の掃除は_ちゃんと終わらせたのかい？.wav	C:\Repositories\GakumasuVoice\output\mao\20260714_231604_limit100\items\keep\それより、廊下の掃除は_ちゃんと終わらせたのかい？.json	/data/data/com.bandainamcoent.idolmaster_gakuen/files/octo/v1/400/3/5231383233/df5f95d9f2bdd687c6971a45b17f4a8e	42	43	/data/data/com.bandainamcoent.idolmaster_gakuen/files/octo/v1/400/2/523133333932/2224c260eb3cbbf611df030ac97934a8
47	麻央	……本当かな。\nちょっと確かめて――	sud_vo_adv_csprt-2-0002_01_amao-005	sud_vo_adv_csprt-2-0002_01	5	3.167	keep	C:\Repositories\GakumasuVoice\output\mao\20260714_231604_limit100\items\keep\……本当かな。_ちょっと確かめて――.wav	C:\Repositories\GakumasuVoice\output\mao\20260714_231604_limit100\items\keep\……本当かな。_ちょっと確かめて――.json	/data/data/com.bandainamcoent.idolmaster_gakuen/files/octo/v1/400/3/5231383233/df5f95d9f2bdd687c6971a45b17f4a8e	56	57	/data/data/com.bandainamcoent.idolmaster_gakuen/files/octo/v1/400/2/523133333932/2224c260eb3cbbf611df030ac97934a8
48	麻央	あ、ちょっと、待ちたまえ！\n……まったく。	sud_vo_adv_csprt-2-0002_01_amao-006	sud_vo_adv_csprt-2-0002_01	6	4.598	keep	C:\Repositories\GakumasuVoice\output\mao\20260714_231604_limit100\items\keep\あ、ちょっと、待ちたまえ！_……まったく。.wav	C:\Repositories\GakumasuVoice\output\mao\20260714_231604_limit100\items\keep\あ、ちょっと、待ちたまえ！_……まったく。.json	/data/data/com.bandainamcoent.idolmaster_gakuen/files/octo/v1/400/3/5231383233/df5f95d9f2bdd687c6971a45b17f4a8e	75	76	/data/data/com.bandainamcoent.idolmaster_gakuen/files/octo/v1/400/2/523133333932/2224c260eb3cbbf611df030ac97934a8
49	麻央	学生の本分はアイドル活動なのに、\nアルバイトばかりして……	sud_vo_adv_csprt-2-0002_01_amao-007	sud_vo_adv_csprt-2-0002_01	7	4.264	keep	C:\Repositories\GakumasuVoice\output\mao\20260714_231604_limit100\items\keep\学生の本分はアイドル活動なのに、_アルバイトばかりして…….wav	C:\Repositories\GakumasuVoice\output\mao\20260714_231604_limit100\items\keep\学生の本分はアイドル活動なのに、_アルバイトばかりして…….json	/data/data/com.bandainamcoent.idolmaster_gakuen/files/octo/v1/400/3/5231383233/df5f95d9f2bdd687c6971a45b17f4a8e	81	82	/data/data/com.bandainamcoent.idolmaster_gakuen/files/octo/v1/400/2/523133333932/2224c260eb3cbbf611df030ac97934a8
50	麻央	寮の掃除当番も……ん？	sud_vo_adv_csprt-2-0002_01_amao-008	sud_vo_adv_csprt-2-0002_01	8	3.546	keep	C:\Repositories\GakumasuVoice\output\mao\20260714_231604_limit100\items\keep\寮の掃除当番も……ん？.wav	C:\Repositories\GakumasuVoice\output\mao\20260714_231604_limit100\items\keep\寮の掃除当番も……ん？.json	/data/data/com.bandainamcoent.idolmaster_gakuen/files/octo/v1/400/3/5231383233/df5f95d9f2bdd687c6971a45b17f4a8e	84	85	/data/data/com.bandainamcoent.idolmaster_gakuen/files/octo/v1/400/2/523133333932/2224c260eb3cbbf611df030ac97934a8
51	麻央	……すごいな。本当にピカピカだ。	sud_vo_adv_csprt-2-0002_01_amao-009	sud_vo_adv_csprt-2-0002_01	9	3.590	keep	C:\Repositories\GakumasuVoice\output\mao\20260714_231604_limit100\items\keep\……すごいな。本当にピカピカだ。.wav	C:\Repositories\GakumasuVoice\output\mao\20260714_231604_limit100\items\keep\……すごいな。本当にピカピカだ。.json	/data/data/com.bandainamcoent.idolmaster_gakuen/files/octo/v1/400/3/5231383233/df5f95d9f2bdd687c6971a45b17f4a8e	90	91	/data/data/com.bandainamcoent.idolmaster_gakuen/files/octo/v1/400/2/523133333932/2224c260eb3cbbf611df030ac97934a8
52	麻央	ああ見えて、\n意外としっかりものなんだな……	sud_vo_adv_csprt-2-0002_01_amao-010	sud_vo_adv_csprt-2-0002_01	10	3.690	keep	C:\Repositories\GakumasuVoice\output\mao\20260714_231604_limit100\items\keep\ああ見えて、_意外としっかりものなんだな…….wav	C:\Repositories\GakumasuVoice\output\mao\20260714_231604_limit100\items\keep\ああ見えて、_意外としっかりものなんだな…….json	/data/data/com.bandainamcoent.idolmaster_gakuen/files/octo/v1/400/3/5231383233/df5f95d9f2bdd687c6971a45b17f4a8e	95	96	/data/data/com.bandainamcoent.idolmaster_gakuen/files/octo/v1/400/2/523133333932/2224c260eb3cbbf611df030ac97934a8
53	麻央	午前はグラビア撮影、\n夕方から合同ライブですね。	sud_vo_adv_dear_amao_033_amao-001	sud_vo_adv_dear_amao_033	1	3.935	keep	C:\Repositories\GakumasuVoice\output\mao\20260714_231604_limit100\items\keep\午前はグラビア撮影、_夕方から合同ライブですね。.wav	C:\Repositories\GakumasuVoice\output\mao\20260714_231604_limit100\items\keep\午前はグラビア撮影、_夕方から合同ライブですね。.json	/data/data/com.bandainamcoent.idolmaster_gakuen/files/octo/v1/400/3/5231373833/d36577ec5985cac906f46246eb801e82	13	14	/data/data/com.bandainamcoent.idolmaster_gakuen/files/octo/v1/400/7/5237343737/2b2fe7e0fa66aa629e479fab73217650
54	麻央	ここのところ、『H.I.F』の\nレッスンに集中してたから、	sud_vo_adv_dear_amao_033_amao-002	sud_vo_adv_dear_amao_033	2	3.886	keep	C:\Repositories\GakumasuVoice\output\mao\20260714_231604_limit100\items\keep\ここのところ、『H.I.F』の_レッスンに集中してたから、.wav	C:\Repositories\GakumasuVoice\output\mao\20260714_231604_limit100\items\keep\ここのところ、『H.I.F』の_レッスンに集中してたから、.json	/data/data/com.bandainamcoent.idolmaster_gakuen/files/octo/v1/400/3/5231373833/d36577ec5985cac906f46246eb801e82	20	21	/data/data/com.bandainamcoent.idolmaster_gakuen/files/octo/v1/400/7/5237343737/2b2fe7e0fa66aa629e479fab73217650
55	麻央	久々のライブ、ちょっと緊張します。	sud_vo_adv_dear_amao_033_amao-003	sud_vo_adv_dear_amao_033	3	3.156	keep	C:\Repositories\GakumasuVoice\output\mao\20260714_231604_limit100\items\keep\久々のライブ、ちょっと緊張します。.wav	C:\Repositories\GakumasuVoice\output\mao\20260714_231604_limit100\items\keep\久々のライブ、ちょっと緊張します。.json	/data/data/com.bandainamcoent.idolmaster_gakuen/files/octo/v1/400/3/5231373833/d36577ec5985cac906f46246eb801e82	24	25	/data/data/com.bandainamcoent.idolmaster_gakuen/files/octo/v1/400/7/5237343737/2b2fe7e0fa66aa629e479fab73217650
56	麻央	ふふ、さすがですね。	sud_vo_adv_dear_amao_033_amao-004	sud_vo_adv_dear_amao_033	4	2.598	reject	C:\Repositories\GakumasuVoice\output\mao\20260714_231604_limit100\items\reject\ふふ、さすがですね。.wav	C:\Repositories\GakumasuVoice\output\mao\20260714_231604_limit100\items\reject\ふふ、さすがですね。.json	/data/data/com.bandainamcoent.idolmaster_gakuen/files/octo/v1/400/3/5231373833/d36577ec5985cac906f46246eb801e82	35	36	/data/data/com.bandainamcoent.idolmaster_gakuen/files/octo/v1/400/7/5237343737/2b2fe7e0fa66aa629e479fab73217650
57	麻央	プロデューサー……	sud_vo_adv_dear_amao_033_amao-005	sud_vo_adv_dear_amao_033	5	1.548	reject	C:\Repositories\GakumasuVoice\output\mao\20260714_231604_limit100\items\reject\プロデューサー…….wav	C:\Repositories\GakumasuVoice\output\mao\20260714_231604_limit100\items\reject\プロデューサー…….json	/data/data/com.bandainamcoent.idolmaster_gakuen/files/octo/v1/400/3/5231373833/d36577ec5985cac906f46246eb801e82	44	45	/data/data/com.bandainamcoent.idolmaster_gakuen/files/octo/v1/400/7/5237343737/2b2fe7e0fa66aa629e479fab73217650
58	麻央	ボクが決めていいんですか？	sud_vo_adv_dear_amao_033_amao-006	sud_vo_adv_dear_amao_033	6	1.999	reject	C:\Repositories\GakumasuVoice\output\mao\20260714_231604_limit100\items\reject\ボクが決めていいんですか？.wav	C:\Repositories\GakumasuVoice\output\mao\20260714_231604_limit100\items\reject\ボクが決めていいんですか？.json	/data/data/com.bandainamcoent.idolmaster_gakuen/files/octo/v1/400/3/5231373833/d36577ec5985cac906f46246eb801e82	54	55	/data/data/com.bandainamcoent.idolmaster_gakuen/files/octo/v1/400/7/5237343737/2b2fe7e0fa66aa629e479fab73217650
59	麻央	ふふ、いいですね。	sud_vo_adv_dear_amao_033_amao-007	sud_vo_adv_dear_amao_033	7	2.459	reject	C:\Repositories\GakumasuVoice\output\mao\20260714_231604_limit100\items\reject\ふふ、いいですね。.wav	C:\Repositories\GakumasuVoice\output\mao\20260714_231604_limit100\items\reject\ふふ、いいですね。.json	/data/data/com.bandainamcoent.idolmaster_gakuen/files/octo/v1/400/3/5231373833/d36577ec5985cac906f46246eb801e82	60	61	/data/data/com.bandainamcoent.idolmaster_gakuen/files/octo/v1/400/7/5237343737/2b2fe7e0fa66aa629e479fab73217650
60	麻央	それじゃ、今日は\nボクがキミをエスコートします。	sud_vo_adv_dear_amao_033_amao-008	sud_vo_adv_dear_amao_033	8	4.004	keep	C:\Repositories\GakumasuVoice\output\mao\20260714_231604_limit100\items\keep\それじゃ、今日は_ボクがキミをエスコートします。.wav	C:\Repositories\GakumasuVoice\output\mao\20260714_231604_limit100\items\keep\それじゃ、今日は_ボクがキミをエスコートします。.json	/data/data/com.bandainamcoent.idolmaster_gakuen/files/octo/v1/400/3/5231373833/d36577ec5985cac906f46246eb801e82	64	65	/data/data/com.bandainamcoent.idolmaster_gakuen/files/octo/v1/400/7/5237343737/2b2fe7e0fa66aa629e479fab73217650
61	麻央	ボクについてきたまえ、\n――プロデューサーくん。	sud_vo_adv_dear_amao_033_amao-009	sud_vo_adv_dear_amao_033	9	3.002	keep	C:\Repositories\GakumasuVoice\output\mao\20260714_231604_limit100\items\keep\ボクについてきたまえ、_――プロデューサーくん。.wav	C:\Repositories\GakumasuVoice\output\mao\20260714_231604_limit100\items\keep\ボクについてきたまえ、_――プロデューサーくん。.json	/data/data/com.bandainamcoent.idolmaster_gakuen/files/octo/v1/400/3/5231373833/d36577ec5985cac906f46246eb801e82	71	72	/data/data/com.bandainamcoent.idolmaster_gakuen/files/octo/v1/400/7/5237343737/2b2fe7e0fa66aa629e479fab73217650
62	麻央	プロデューサー、\nこの衣装、本当に素敵ですね！	sud_vo_adv_dear_amao_033_amao-010	sud_vo_adv_dear_amao_033	10	4.639	keep	C:\Repositories\GakumasuVoice\output\mao\20260714_231604_limit100\items\keep\プロデューサー、_この衣装、本当に素敵ですね！.wav	C:\Repositories\GakumasuVoice\output\mao\20260714_231604_limit100\items\keep\プロデューサー、_この衣装、本当に素敵ですね！.json	/data/data/com.bandainamcoent.idolmaster_gakuen/files/octo/v1/400/3/5231373833/d36577ec5985cac906f46246eb801e82	86	87	/data/data/com.bandainamcoent.idolmaster_gakuen/files/octo/v1/400/7/5237343737/2b2fe7e0fa66aa629e479fab73217650
63	麻央	ボクが見せたかった、\n今のボクの理想の姿です。	sud_vo_adv_dear_amao_033_amao-011	sud_vo_adv_dear_amao_033	11	3.973	keep	C:\Repositories\GakumasuVoice\output\mao\20260714_231604_limit100\items\keep\ボクが見せたかった、_今のボクの理想の姿です。.wav	C:\Repositories\GakumasuVoice\output\mao\20260714_231604_limit100\items\keep\ボクが見せたかった、_今のボクの理想の姿です。.json	/data/data/com.bandainamcoent.idolmaster_gakuen/files/octo/v1/400/3/5231373833/d36577ec5985cac906f46246eb801e82	90	91	/data/data/com.bandainamcoent.idolmaster_gakuen/files/octo/v1/400/7/5237343737/2b2fe7e0fa66aa629e479fab73217650
64	麻央	ふふ、どうですか？\nボク、白馬が似合いますよね。	sud_vo_adv_dear_amao_033_amao-012	sud_vo_adv_dear_amao_033	12	5.710	keep	C:\Repositories\GakumasuVoice\output\mao\20260714_231604_limit100\items\keep\ふふ、どうですか？_ボク、白馬が似合いますよね。.wav	C:\Repositories\GakumasuVoice\output\mao\20260714_231604_limit100\items\keep\ふふ、どうですか？_ボク、白馬が似合いますよね。.json	/data/data/com.bandainamcoent.idolmaster_gakuen/files/octo/v1/400/3/5231373833/d36577ec5985cac906f46246eb801e82	98	99	/data/data/com.bandainamcoent.idolmaster_gakuen/files/octo/v1/400/7/5237343737/2b2fe7e0fa66aa629e479fab73217650
65	麻央	……ん、こんな感じかな？	sud_vo_adv_dear_amao_033_amao-013	sud_vo_adv_dear_amao_033	13	3.967	keep	C:\Repositories\GakumasuVoice\output\mao\20260714_231604_limit100\items\keep\……ん、こんな感じかな？.wav	C:\Repositories\GakumasuVoice\output\mao\20260714_231604_limit100\items\keep\……ん、こんな感じかな？.json	/data/data/com.bandainamcoent.idolmaster_gakuen/files/octo/v1/400/3/5231373833/d36577ec5985cac906f46246eb801e82	108	109	/data/data/com.bandainamcoent.idolmaster_gakuen/files/octo/v1/400/7/5237343737/2b2fe7e0fa66aa629e479fab73217650
66	麻央	決闘のポーズ……\nこ、こんな感じですか？	sud_vo_adv_dear_amao_033_amao-014	sud_vo_adv_dear_amao_033	14	4.584	keep	C:\Repositories\GakumasuVoice\output\mao\20260714_231604_limit100\items\keep\決闘のポーズ……_こ、こんな感じですか？.wav	C:\Repositories\GakumasuVoice\output\mao\20260714_231604_limit100\items\keep\決闘のポーズ……_こ、こんな感じですか？.json	/data/data/com.bandainamcoent.idolmaster_gakuen/files/octo/v1/400/3/5231373833/d36577ec5985cac906f46246eb801e82	125	130	/data/data/com.bandainamcoent.idolmaster_gakuen/files/octo/v1/400/7/5237343737/2b2fe7e0fa66aa629e479fab73217650
67	麻央	……ホ、ホラーハウス？\nボク、怖いのはちょっと……	sud_vo_adv_dear_amao_033_amao-015	sud_vo_adv_dear_amao_033	15	5.595	keep	C:\Repositories\GakumasuVoice\output\mao\20260714_231604_limit100\items\keep\……ホ、ホラーハウス？_ボク、怖いのはちょっと…….wav	C:\Repositories\GakumasuVoice\output\mao\20260714_231604_limit100\items\keep\……ホ、ホラーハウス？_ボク、怖いのはちょっと…….json	/data/data/com.bandainamcoent.idolmaster_gakuen/files/octo/v1/400/3/5231373833/d36577ec5985cac906f46246eb801e82	140	141	/data/data/com.bandainamcoent.idolmaster_gakuen/files/octo/v1/400/7/5237343737/2b2fe7e0fa66aa629e479fab73217650
68	麻央	……い、いえ、大丈夫です。	sud_vo_adv_dear_amao_033_amao-016	sud_vo_adv_dear_amao_033	16	2.490	reject	C:\Repositories\GakumasuVoice\output\mao\20260714_231604_limit100\items\reject\……い、いえ、大丈夫です。.wav	C:\Repositories\GakumasuVoice\output\mao\20260714_231604_limit100\items\reject\……い、いえ、大丈夫です。.json	/data/data/com.bandainamcoent.idolmaster_gakuen/files/octo/v1/400/3/5231373833/d36577ec5985cac906f46246eb801e82	154	155	/data/data/com.bandainamcoent.idolmaster_gakuen/files/octo/v1/400/7/5237343737/2b2fe7e0fa66aa629e479fab73217650
69	麻央	勇気を奮い起こして、\n恐怖に打ち勝つのが――	sud_vo_adv_dear_amao_033_amao-017	sud_vo_adv_dear_amao_033	17	3.937	keep	C:\Repositories\GakumasuVoice\output\mao\20260714_231604_limit100\items\keep\勇気を奮い起こして、_恐怖に打ち勝つのが――.wav	C:\Repositories\GakumasuVoice\output\mao\20260714_231604_limit100\items\keep\勇気を奮い起こして、_恐怖に打ち勝つのが――.json	/data/data/com.bandainamcoent.idolmaster_gakuen/files/octo/v1/400/3/5231373833/d36577ec5985cac906f46246eb801e82	164	165	/data/data/com.bandainamcoent.idolmaster_gakuen/files/octo/v1/400/7/5237343737/2b2fe7e0fa66aa629e479fab73217650
70	麻央	ボクのなりたい、ボクの見せたい、\nカッコイイ王子様だから。	sud_vo_adv_dear_amao_033_amao-018	sud_vo_adv_dear_amao_033	18	4.693	keep	C:\Repositories\GakumasuVoice\output\mao\20260714_231604_limit100\items\keep\ボクのなりたい、ボクの見せたい、_カッコイイ王子様だから。.wav	C:\Repositories\GakumasuVoice\output\mao\20260714_231604_limit100\items\keep\ボクのなりたい、ボクの見せたい、_カッコイイ王子様だから。.json	/data/data/com.bandainamcoent.idolmaster_gakuen/files/octo/v1/400/3/5231373833/d36577ec5985cac906f46246eb801e82	169	170	/data/data/com.bandainamcoent.idolmaster_gakuen/files/octo/v1/400/7/5237343737/2b2fe7e0fa66aa629e479fab73217650
71	麻央	はわわわわわわわ……	sud_vo_adv_dear_amao_033_amao-019	sud_vo_adv_dear_amao_033	19	2.938	reject	C:\Repositories\GakumasuVoice\output\mao\20260714_231604_limit100\items\reject\はわわわわわわわ…….wav	C:\Repositories\GakumasuVoice\output\mao\20260714_231604_limit100\items\reject\はわわわわわわわ…….json	/data/data/com.bandainamcoent.idolmaster_gakuen/files/octo/v1/400/3/5231373833/d36577ec5985cac906f46246eb801e82	180	181	/data/data/com.bandainamcoent.idolmaster_gakuen/files/octo/v1/400/7/5237343737/2b2fe7e0fa66aa629e479fab73217650
72	麻央	や、やっぱり、\nここは撮らないでください！	sud_vo_adv_dear_amao_033_amao-020	sud_vo_adv_dear_amao_033	20	3.676	keep	C:\Repositories\GakumasuVoice\output\mao\20260714_231604_limit100\items\keep\や、やっぱり、_ここは撮らないでください！.wav	C:\Repositories\GakumasuVoice\output\mao\20260714_231604_limit100\items\keep\や、やっぱり、_ここは撮らないでください！.json	/data/data/com.bandainamcoent.idolmaster_gakuen/files/octo/v1/400/3/5231373833/d36577ec5985cac906f46246eb801e82	190	191	/data/data/com.bandainamcoent.idolmaster_gakuen/files/octo/v1/400/7/5237343737/2b2fe7e0fa66aa629e479fab73217650
73	麻央	わーーーーーーーーっ！	sud_vo_adv_dear_amao_033_amao-021	sud_vo_adv_dear_amao_033	21	2.513	reject	C:\Repositories\GakumasuVoice\output\mao\20260714_231604_limit100\items\reject\わーーーーーーーーっ！.wav	C:\Repositories\GakumasuVoice\output\mao\20260714_231604_limit100\items\reject\わーーーーーーーーっ！.json	/data/data/com.bandainamcoent.idolmaster_gakuen/files/octo/v1/400/3/5231373833/d36577ec5985cac906f46246eb801e82	203	204	/data/data/com.bandainamcoent.idolmaster_gakuen/files/octo/v1/400/7/5237343737/2b2fe7e0fa66aa629e479fab73217650
74	麻央	うわーーーーーーーっ！	sud_vo_adv_dear_amao_033_amao-022	sud_vo_adv_dear_amao_033	22	3.550	keep	C:\Repositories\GakumasuVoice\output\mao\20260714_231604_limit100\items\keep\うわーーーーーーーっ！.wav	C:\Repositories\GakumasuVoice\output\mao\20260714_231604_limit100\items\keep\うわーーーーーーーっ！.json	/data/data/com.bandainamcoent.idolmaster_gakuen/files/octo/v1/400/3/5231373833/d36577ec5985cac906f46246eb801e82	208	209	/data/data/com.bandainamcoent.idolmaster_gakuen/files/octo/v1/400/7/5237343737/2b2fe7e0fa66aa629e479fab73217650
75	麻央	……ふぅ。\n撮影、楽しかったですね。	sud_vo_adv_dear_amao_033_amao-023	sud_vo_adv_dear_amao_033	23	5.252	keep	C:\Repositories\GakumasuVoice\output\mao\20260714_231604_limit100\items\keep\……ふぅ。_撮影、楽しかったですね。.wav	C:\Repositories\GakumasuVoice\output\mao\20260714_231604_limit100\items\keep\……ふぅ。_撮影、楽しかったですね。.json	/data/data/com.bandainamcoent.idolmaster_gakuen/files/octo/v1/400/3/5231373833/d36577ec5985cac906f46246eb801e82	219	220	/data/data/com.bandainamcoent.idolmaster_gakuen/files/octo/v1/400/7/5237343737/2b2fe7e0fa66aa629e479fab73217650
76	麻央	……でも、いいのかな？\n遊園地で遊んでるだけのような……	sud_vo_adv_dear_amao_033_amao-024	sud_vo_adv_dear_amao_033	24	5.419	keep	C:\Repositories\GakumasuVoice\output\mao\20260714_231604_limit100\items\keep\……でも、いいのかな？_遊園地で遊んでるだけのような…….wav	C:\Repositories\GakumasuVoice\output\mao\20260714_231604_limit100\items\keep\……でも、いいのかな？_遊園地で遊んでるだけのような…….json	/data/data/com.bandainamcoent.idolmaster_gakuen/files/octo/v1/400/3/5231373833/d36577ec5985cac906f46246eb801e82	224	225	/data/data/com.bandainamcoent.idolmaster_gakuen/files/octo/v1/400/7/5237343737/2b2fe7e0fa66aa629e479fab73217650
77	麻央	ありがとうございます。	sud_vo_adv_dear_amao_033_amao-025	sud_vo_adv_dear_amao_033	25	1.372	reject	C:\Repositories\GakumasuVoice\output\mao\20260714_231604_limit100\items\reject\ありがとうございます。.wav	C:\Repositories\GakumasuVoice\output\mao\20260714_231604_limit100\items\reject\ありがとうございます。.json	/data/data/com.bandainamcoent.idolmaster_gakuen/files/octo/v1/400/3/5231373833/d36577ec5985cac906f46246eb801e82	236	237	/data/data/com.bandainamcoent.idolmaster_gakuen/files/octo/v1/400/7/5237343737/2b2fe7e0fa66aa629e479fab73217650
78	麻央	カッコ悪いところも、\n撮られちゃってましたけど……	sud_vo_adv_dear_amao_033_amao-026	sud_vo_adv_dear_amao_033	26	3.231	keep	C:\Repositories\GakumasuVoice\output\mao\20260714_231604_limit100\items\keep\カッコ悪いところも、_撮られちゃってましたけど…….wav	C:\Repositories\GakumasuVoice\output\mao\20260714_231604_limit100\items\keep\カッコ悪いところも、_撮られちゃってましたけど…….json	/data/data/com.bandainamcoent.idolmaster_gakuen/files/octo/v1/400/3/5231373833/d36577ec5985cac906f46246eb801e82	244	245	/data/data/com.bandainamcoent.idolmaster_gakuen/files/octo/v1/400/7/5237343737/2b2fe7e0fa66aa629e479fab73217650
79	麻央	ボクの名前のアナグラムですか。	sud_vo_adv_dear_amao_033_amao-027	sud_vo_adv_dear_amao_033	27	2.369	reject	C:\Repositories\GakumasuVoice\output\mao\20260714_231604_limit100\items\reject\ボクの名前のアナグラムですか。.wav	C:\Repositories\GakumasuVoice\output\mao\20260714_231604_limit100\items\reject\ボクの名前のアナグラムですか。.json	/data/data/com.bandainamcoent.idolmaster_gakuen/files/octo/v1/400/3/5231373833/d36577ec5985cac906f46246eb801e82	267	268	/data/data/com.bandainamcoent.idolmaster_gakuen/files/octo/v1/400/7/5237343737/2b2fe7e0fa66aa629e479fab73217650
80	麻央	なるほど、ふふ、洒落てますね。	sud_vo_adv_dear_amao_033_amao-028	sud_vo_adv_dear_amao_033	28	4.220	keep	C:\Repositories\GakumasuVoice\output\mao\20260714_231604_limit100\items\keep\なるほど、ふふ、洒落てますね。.wav	C:\Repositories\GakumasuVoice\output\mao\20260714_231604_limit100\items\keep\なるほど、ふふ、洒落てますね。.json	/data/data/com.bandainamcoent.idolmaster_gakuen/files/octo/v1/400/3/5231373833/d36577ec5985cac906f46246eb801e82	273	274	/data/data/com.bandainamcoent.idolmaster_gakuen/files/octo/v1/400/7/5237343737/2b2fe7e0fa66aa629e479fab73217650
81	麻央	……って、なんでやねん！\n全然アナグラムになってないですよ！	sud_vo_adv_dear_amao_033_amao-029	sud_vo_adv_dear_amao_033	29	3.671	keep	C:\Repositories\GakumasuVoice\output\mao\20260714_231604_limit100\items\keep\……って、なんでやねん！_全然アナグラムになってないですよ！.wav	C:\Repositories\GakumasuVoice\output\mao\20260714_231604_limit100\items\keep\……って、なんでやねん！_全然アナグラムになってないですよ！.json	/data/data/com.bandainamcoent.idolmaster_gakuen/files/octo/v1/400/3/5231373833/d36577ec5985cac906f46246eb801e82	281	282	/data/data/com.bandainamcoent.idolmaster_gakuen/files/octo/v1/400/7/5237343737/2b2fe7e0fa66aa629e479fab73217650
82	麻央	ぜんぜん些末じゃないですよ。	sud_vo_adv_dear_amao_033_amao-030	sud_vo_adv_dear_amao_033	30	2.058	reject	C:\Repositories\GakumasuVoice\output\mao\20260714_231604_limit100\items\reject\ぜんぜん些末じゃないですよ。.wav	C:\Repositories\GakumasuVoice\output\mao\20260714_231604_limit100\items\reject\ぜんぜん些末じゃないですよ。.json	/data/data/com.bandainamcoent.idolmaster_gakuen/files/octo/v1/400/3/5231373833/d36577ec5985cac906f46246eb801e82	291	292	/data/data/com.bandainamcoent.idolmaster_gakuen/files/octo/v1/400/7/5237343737/2b2fe7e0fa66aa629e479fab73217650
83	麻央	……――	sud_vo_adv_dear_amao_033_amao-031	sud_vo_adv_dear_amao_033	31	0.828	reject	C:\Repositories\GakumasuVoice\output\mao\20260714_231604_limit100\items\reject\……――.wav	C:\Repositories\GakumasuVoice\output\mao\20260714_231604_limit100\items\reject\……――.json	/data/data/com.bandainamcoent.idolmaster_gakuen/files/octo/v1/400/3/5231373833/d36577ec5985cac906f46246eb801e82	299	300	/data/data/com.bandainamcoent.idolmaster_gakuen/files/octo/v1/400/7/5237343737/2b2fe7e0fa66aa629e479fab73217650
84	麻央	ええっと、少し考えさせてください。	sud_vo_adv_dear_amao_033_amao-032	sud_vo_adv_dear_amao_033	32	3.653	keep	C:\Repositories\GakumasuVoice\output\mao\20260714_231604_limit100\items\keep\ええっと、少し考えさせてください。.wav	C:\Repositories\GakumasuVoice\output\mao\20260714_231604_limit100\items\keep\ええっと、少し考えさせてください。.json	/data/data/com.bandainamcoent.idolmaster_gakuen/files/octo/v1/400/3/5231373833/d36577ec5985cac906f46246eb801e82	302	303	/data/data/com.bandainamcoent.idolmaster_gakuen/files/octo/v1/400/7/5237343737/2b2fe7e0fa66aa629e479fab73217650
85	麻央	そうですね……あれ？	sud_vo_adv_dear_amao_033_amao-033	sud_vo_adv_dear_amao_033	33	2.684	reject	C:\Repositories\GakumasuVoice\output\mao\20260714_231604_limit100\items\reject\そうですね……あれ？.wav	C:\Repositories\GakumasuVoice\output\mao\20260714_231604_limit100\items\reject\そうですね……あれ？.json	/data/data/com.bandainamcoent.idolmaster_gakuen/files/octo/v1/400/3/5231373833/d36577ec5985cac906f46246eb801e82	312	313	/data/data/com.bandainamcoent.idolmaster_gakuen/files/octo/v1/400/7/5237343737/2b2fe7e0fa66aa629e479fab73217650
86	麻央	……すみません、ちょっと、\n後輩を見かけたもので――	sud_vo_adv_dear_amao_033_amao-034	sud_vo_adv_dear_amao_033	34	3.701	keep	C:\Repositories\GakumasuVoice\output\mao\20260714_231604_limit100\items\keep\……すみません、ちょっと、_後輩を見かけたもので――.wav	C:\Repositories\GakumasuVoice\output\mao\20260714_231604_limit100\items\keep\……すみません、ちょっと、_後輩を見かけたもので――.json	/data/data/com.bandainamcoent.idolmaster_gakuen/files/octo/v1/400/3/5231373833/d36577ec5985cac906f46246eb801e82	323	324	/data/data/com.bandainamcoent.idolmaster_gakuen/files/octo/v1/400/7/5237343737/2b2fe7e0fa66aa629e479fab73217650
87	麻央	――四音。	sud_vo_adv_dear_amao_033_amao-035	sud_vo_adv_dear_amao_033	35	0.925	reject	C:\Repositories\GakumasuVoice\output\mao\20260714_231604_limit100\items\reject\――四音。.wav	C:\Repositories\GakumasuVoice\output\mao\20260714_231604_limit100\items\reject\――四音。.json	/data/data/com.bandainamcoent.idolmaster_gakuen/files/octo/v1/400/3/5231373833/d36577ec5985cac906f46246eb801e82	339	340	/data/data/com.bandainamcoent.idolmaster_gakuen/files/octo/v1/400/7/5237343737/2b2fe7e0fa66aa629e479fab73217650
88	麻央	どうしたの、こんなところで。	sud_vo_adv_dear_amao_033_amao-036	sud_vo_adv_dear_amao_033	36	2.219	reject	C:\Repositories\GakumasuVoice\output\mao\20260714_231604_limit100\items\reject\どうしたの、こんなところで。.wav	C:\Repositories\GakumasuVoice\output\mao\20260714_231604_limit100\items\reject\どうしたの、こんなところで。.json	/data/data/com.bandainamcoent.idolmaster_gakuen/files/octo/v1/400/3/5231373833/d36577ec5985cac906f46246eb801e82	347	348	/data/data/com.bandainamcoent.idolmaster_gakuen/files/octo/v1/400/7/5237343737/2b2fe7e0fa66aa629e479fab73217650
89	麻央	もしかして、ボクのライブ、\n観に来てくれたのかな？	sud_vo_adv_dear_amao_033_amao-037	sud_vo_adv_dear_amao_033	37	3.916	keep	C:\Repositories\GakumasuVoice\output\mao\20260714_231604_limit100\items\keep\もしかして、ボクのライブ、_観に来てくれたのかな？.wav	C:\Repositories\GakumasuVoice\output\mao\20260714_231604_limit100\items\keep\もしかして、ボクのライブ、_観に来てくれたのかな？.json	/data/data/com.bandainamcoent.idolmaster_gakuen/files/octo/v1/400/3/5231373833/d36577ec5985cac906f46246eb801e82	354	355	/data/data/com.bandainamcoent.idolmaster_gakuen/files/octo/v1/400/7/5237343737/2b2fe7e0fa66aa629e479fab73217650
90	麻央	ああ。ボクが子供のころに見た、\n憧れとは違うけど――	sud_vo_adv_dear_amao_033_amao-038	sud_vo_adv_dear_amao_033	38	4.871	keep	C:\Repositories\GakumasuVoice\output\mao\20260714_231604_limit100\items\keep\ああ。ボクが子供のころに見た、_憧れとは違うけど――.wav	C:\Repositories\GakumasuVoice\output\mao\20260714_231604_limit100\items\keep\ああ。ボクが子供のころに見た、_憧れとは違うけど――.json	/data/data/com.bandainamcoent.idolmaster_gakuen/files/octo/v1/400/3/5231373833/d36577ec5985cac906f46246eb801e82	369	370	/data/data/com.bandainamcoent.idolmaster_gakuen/files/octo/v1/400/7/5237343737/2b2fe7e0fa66aa629e479fab73217650
91	麻央	今のボクの見せたい、有村麻央だよ。	sud_vo_adv_dear_amao_033_amao-039	sud_vo_adv_dear_amao_033	39	2.858	reject	C:\Repositories\GakumasuVoice\output\mao\20260714_231604_limit100\items\reject\今のボクの見せたい、有村麻央だよ。.wav	C:\Repositories\GakumasuVoice\output\mao\20260714_231604_limit100\items\reject\今のボクの見せたい、有村麻央だよ。.json	/data/data/com.bandainamcoent.idolmaster_gakuen/files/octo/v1/400/3/5231373833/d36577ec5985cac906f46246eb801e82	377	378	/data/data/com.bandainamcoent.idolmaster_gakuen/files/octo/v1/400/7/5237343737/2b2fe7e0fa66aa629e479fab73217650
92	麻央	うん。カッコいいだろ？	sud_vo_adv_dear_amao_033_amao-040	sud_vo_adv_dear_amao_033	40	2.012	reject	C:\Repositories\GakumasuVoice\output\mao\20260714_231604_limit100\items\reject\うん。カッコいいだろ？.wav	C:\Repositories\GakumasuVoice\output\mao\20260714_231604_limit100\items\reject\うん。カッコいいだろ？.json	/data/data/com.bandainamcoent.idolmaster_gakuen/files/octo/v1/400/3/5231373833/d36577ec5985cac906f46246eb801e82	383	384	/data/data/com.bandainamcoent.idolmaster_gakuen/files/octo/v1/400/7/5237343737/2b2fe7e0fa66aa629e479fab73217650
93	麻央	この後、合同ライブに出演するんだ。\nせっかくだから、観に来てよ。	sud_vo_adv_dear_amao_033_amao-041	sud_vo_adv_dear_amao_033	41	4.878	keep	C:\Repositories\GakumasuVoice\output\mao\20260714_231604_limit100\items\keep\この後、合同ライブに出演するんだ。_せっかくだから、観に来てよ。.wav	C:\Repositories\GakumasuVoice\output\mao\20260714_231604_limit100\items\keep\この後、合同ライブに出演するんだ。_せっかくだから、観に来てよ。.json	/data/data/com.bandainamcoent.idolmaster_gakuen/files/octo/v1/400/3/5231373833/d36577ec5985cac906f46246eb801e82	392	393	/data/data/com.bandainamcoent.idolmaster_gakuen/files/octo/v1/400/7/5237343737/2b2fe7e0fa66aa629e479fab73217650
94	麻央	キミに見てほしいんだ、\n今のボクを――	sud_vo_adv_dear_amao_033_amao-042	sud_vo_adv_dear_amao_033	42	2.924	reject	C:\Repositories\GakumasuVoice\output\mao\20260714_231604_limit100\items\reject\キミに見てほしいんだ、_今のボクを――.wav	C:\Repositories\GakumasuVoice\output\mao\20260714_231604_limit100\items\reject\キミに見てほしいんだ、_今のボクを――.json	/data/data/com.bandainamcoent.idolmaster_gakuen/files/octo/v1/400/3/5231373833/d36577ec5985cac906f46246eb801e82	399	400	/data/data/com.bandainamcoent.idolmaster_gakuen/files/octo/v1/400/7/5237343737/2b2fe7e0fa66aa629e479fab73217650
95	麻央	みんなー、今日はありがとう！	sud_vo_adv_dear_amao_033_amao-043	sud_vo_adv_dear_amao_033	43	2.556	reject	C:\Repositories\GakumasuVoice\output\mao\20260714_231604_limit100\items\reject\みんなー、今日はありがとう！.wav	C:\Repositories\GakumasuVoice\output\mao\20260714_231604_limit100\items\reject\みんなー、今日はありがとう！.json	/data/data/com.bandainamcoent.idolmaster_gakuen/files/octo/v1/400/3/5231373833/d36577ec5985cac906f46246eb801e82	413	415	/data/data/com.bandainamcoent.idolmaster_gakuen/files/octo/v1/400/7/5237343737/2b2fe7e0fa66aa629e479fab73217650
96	麻央	『H.I.F』のステージも、\nぜひ観に来てください！	sud_vo_adv_dear_amao_033_amao-044	sud_vo_adv_dear_amao_033	44	3.737	keep	C:\Repositories\GakumasuVoice\output\mao\20260714_231604_limit100\items\keep\『H.I.F』のステージも、_ぜひ観に来てください！.wav	C:\Repositories\GakumasuVoice\output\mao\20260714_231604_limit100\items\keep\『H.I.F』のステージも、_ぜひ観に来てください！.json	/data/data/com.bandainamcoent.idolmaster_gakuen/files/octo/v1/400/3/5231373833/d36577ec5985cac906f46246eb801e82	418	419	/data/data/com.bandainamcoent.idolmaster_gakuen/files/octo/v1/400/7/5237343737/2b2fe7e0fa66aa629e479fab73217650
97	麻央	このあとも、楽しんでいってね！	sud_vo_adv_dear_amao_033_amao-045	sud_vo_adv_dear_amao_033	45	2.477	reject	C:\Repositories\GakumasuVoice\output\mao\20260714_231604_limit100\items\reject\このあとも、楽しんでいってね！.wav	C:\Repositories\GakumasuVoice\output\mao\20260714_231604_limit100\items\reject\このあとも、楽しんでいってね！.json	/data/data/com.bandainamcoent.idolmaster_gakuen/files/octo/v1/400/3/5231373833/d36577ec5985cac906f46246eb801e82	423	424	/data/data/com.bandainamcoent.idolmaster_gakuen/files/octo/v1/400/7/5237343737/2b2fe7e0fa66aa629e479fab73217650
98	麻央	カッコいいボクの写真、\nいっぱい撮ってくれました？	sud_vo_adv_dear_amao_033_amao-046	sud_vo_adv_dear_amao_033	46	3.551	keep	C:\Repositories\GakumasuVoice\output\mao\20260714_231604_limit100\items\keep\カッコいいボクの写真、_いっぱい撮ってくれました？.wav	C:\Repositories\GakumasuVoice\output\mao\20260714_231604_limit100\items\keep\カッコいいボクの写真、_いっぱい撮ってくれました？.json	/data/data/com.bandainamcoent.idolmaster_gakuen/files/octo/v1/400/3/5231373833/d36577ec5985cac906f46246eb801e82	442	443	/data/data/com.bandainamcoent.idolmaster_gakuen/files/octo/v1/400/7/5237343737/2b2fe7e0fa66aa629e479fab73217650
99	麻央	き、気をつけてくださいね……	sud_vo_adv_dear_amao_033_amao-047	sud_vo_adv_dear_amao_033	47	2.526	reject	C:\Repositories\GakumasuVoice\output\mao\20260714_231604_limit100\items\reject\き、気をつけてくださいね…….wav	C:\Repositories\GakumasuVoice\output\mao\20260714_231604_limit100\items\reject\き、気をつけてくださいね…….json	/data/data/com.bandainamcoent.idolmaster_gakuen/files/octo/v1/400/3/5231373833/d36577ec5985cac906f46246eb801e82	452	453	/data/data/com.bandainamcoent.idolmaster_gakuen/files/octo/v1/400/7/5237343737/2b2fe7e0fa66aa629e479fab73217650
100	麻央	――そうだ、プロデューサー。	sud_vo_adv_dear_amao_033_amao-048	sud_vo_adv_dear_amao_033	48	2.570	reject	C:\Repositories\GakumasuVoice\output\mao\20260714_231604_limit100\items\reject\――そうだ、プロデューサー。.wav	C:\Repositories\GakumasuVoice\output\mao\20260714_231604_limit100\items\reject\――そうだ、プロデューサー。.json	/data/data/com.bandainamcoent.idolmaster_gakuen/files/octo/v1/400/3/5231373833/d36577ec5985cac906f46246eb801e82	457	459	/data/data/com.bandainamcoent.idolmaster_gakuen/files/octo/v1/400/7/5237343737/2b2fe7e0fa66aa629e479fab73217650
